"","title","code","genre","country","runtime","release","director","actor","view_class","audience_age_10","audience_age_20","audience_age_30","audience_age_40","audience_age_50","netizen_score","netizen_count","ntz_male","ntz_female","ntz_10","ntz_20","ntz_30","ntz_40","ntz_50","audience_score","audience_count","audience_male","audience_female","audience_10","audience_20","audience_30","audience_40","audience_50"
"1","클라우스","191613","애니메이션, 코미디, 가족","스페인, 영국","96분 "," 2019.11.15 개봉","서지오 파블로스, 카를로스 마르티네즈 로페즈","제이슨 슈왈츠먼, J.K. 시몬스, 라시다 존스더보기","[국내] 전체 관람가",NA,NA,NA,NA,NA,"9.80","322","9.71","9.88","9.89","9.86","9.79","9.72","9.17",NA,NA,NA,NA,NA,NA,NA,NA,NA
"2","그린 북","171539","드라마","미국","130분 "," 2019.01.09 개봉","피터 패럴리","비고 모텐슨(토니 발레롱가), 마허샬라 알리(돈 셜리 박사)더보기","[국내] 12세 관람가 [해외] PG-13도움말","0%","30%","29%","17%","23%","9.60","7,643","9.51","9.79","9.68","9.64","9.66","9.60","9.46","9.55","2,070","9.52","9.57","9.60","9.50","9.58","9.53","9.58"
"3","가버나움","174830","드라마","레바논, 프랑스","126분 "," 2019.01.24 개봉","나딘 라바키","자인 알 라피아(자인), 요르다노스 시프로우(라힐)더보기","[국내] 15세 관람가 [해외] R도움말","2%","37%","29%","15%","17%","9.59","3,475","9.28","9.85","9.76","9.64","9.67","9.62","9.55","9.54","1,393","9.39","9.61","9.64","9.56","9.51","9.58","9.49"
"4","밥정","186114","다큐멘터리, 드라마","한국","82분 "," 2020.10.07 개봉","박혜령","임지호(본인)더보기","[국내] 전체 관람가","5%","35%","25%","15%","20%","9.53","389","9.29","9.83","5.50","9.29","9.34","9.86","9.53","9.70","20","9.75","9.69","10.0","9.43","9.80","10.0","9.75"
"5","장민호 드라마 최종회","213746","공연실황","한국","106분 "," 2022.01.24 개봉",NA,"장민호더보기","[국내] 전체 관람가","0%","0%","11%","44%","44%","9.51","600","5.57","9.93","6.62","5.91","7.90","9.31","9.89","9.89","9","9.00","10.0","0.00","0.00","10.0","9.75","10.0"
"6","디지몬 어드벤처 라스트 에볼루션 : 인연","192613","애니메이션, 모험","일본","114분 "," 2021.02.17 개봉","타구치 토모히사","하나에 나츠키(야가미 타이치), 호소야 요시마사(이시다 야마토), 사카모토 치카(아구몬)더보기","[국내] 12세 관람가",NA,NA,NA,NA,NA,"9.51","886","9.43","9.79","7.80","9.78","8.82","5.27","8.80",NA,NA,NA,NA,NA,NA,NA,NA,NA
"7","베일리 어게인","144906","모험, 코미디, 드라마","미국","100분 "," 2018.11.22 개봉","라세 할스트롬","조시 게드(베일리/ 엘리/ 티노/ 버디 목소리), 데니스 퀘이드(이든), K.J. 아파(십대 이든)더보기","[국내] 전체 관람가 [해외] PG도움말","3%","48%","23%","19%","7%","9.53","2,531","9.20","9.78","9.73","9.65","9.54","9.45","9.35","9.42","463","9.36","9.44","9.71","9.52","9.36","9.14","9.58"
"8","원더","151196","드라마","미국","113분 ","2021.02.11 재개봉,  2017.12.27 개봉","스티븐 크보스키","제이콥 트렘블레이(어기 풀먼), 줄리아 로버츠(이자벨 풀먼), 오웬 윌슨(네이트 풀먼)더보기","[국내] 전체 관람가 [해외] PG도움말","2%","34%","27%","29%","8%","9.53","3,846","9.22","9.81","9.65","9.62","9.57","9.44","9.33","9.43","319","9.37","9.46","10.0","9.45","9.47","9.32","9.56"
"9","아일라","169240","드라마, 전쟁","한국, 터키","123분 "," 2018.06.21 개봉","잔 울카이","김설(아일라), 이스마일 하지오글루(슐레이만)더보기","[국내] 15세 관람가","0%","47%","27%","17%","9%","9.52","2,155","9.29","9.80","9.70","9.56","9.57","9.49","9.44","9.13","70","8.81","9.32","0.00","9.45","8.74","9.33","8.17"
"10","극장판 바이올렛 에버가든","196843","애니메이션, 드라마, 판타지","일본","140분 "," 2020.11.12 개봉","이시다테 타이치","이시카와 유이(바이올렛 에버가든 목소리), 나미카와 다이스케(길베르트 부겐빌리아 목소리)더보기","[국내] 전체 관람가","17%","56%","17%","8%","2%","9.51","1,277","9.33","9.64","9.69","9.34","9.25","9.14","9.46","9.68","436","9.69","9.67","9.95","9.66","9.62","9.42","9.86"
"11","먼 훗날 우리","175092","드라마, 멜로/로맨스","중국","120분 ",NA,"유약영","정백연, 주동우, 톈좡좡더보기",NA,NA,NA,NA,NA,NA,"9.49","1,267","9.22","9.69","9.66","9.71","9.28","9.36","9.20",NA,NA,NA,NA,NA,NA,NA,NA,NA
"12","당갈","157243","드라마, 액션","인도","161분 "," 2018.04.25 개봉","니테쉬 티와리","아미르 칸(마하비르 싱 포갓), 파티마 사나 셰이크(기타), 산야 말호트라(바비타)더보기","[국내] 12세 관람가","6%","61%","18%","8%","7%","9.49","2,434","9.07","9.85","9.38","9.62","9.43","9.42","9.36","9.62","306","9.26","9.73","9.65","9.79","9.50","8.85","9.38"
"13","포드 V 페라리","181710","액션, 드라마","미국","152분 "," 2019.12.04 개봉","제임스 맨골드","맷 데이먼(캐롤 셸비), 크리스찬 베일(켄 마일스)더보기","[국내] 12세 관람가","2%","38%","34%","18%","7%","9.48","8,278","9.43","9.68","9.60","9.62","9.50","9.31","9.41","9.31","1,112","9.34","9.25","9.57","9.40","9.24","9.41","8.90"
"14","주전장","179518","다큐멘터리","미국","121분 "," 2019.07.25 개봉","미키 데자키",NA,"[국내] 전체 관람가","3%","33%","34%","19%","11%","9.46","1,426","8.97","9.85","9.81","9.56","9.44","9.41","8.85","9.67","317","9.64","9.68","9.90","9.64","9.65","9.82","9.47"
"15","그대, 고맙소 : 김호중 생애 첫 팬미팅 무비","196828","공연실황","한국","80분 "," 2020.09.29 개봉","오윤동","김호중더보기","[국내] 전체 관람가",NA,NA,NA,NA,NA,"9.45","2,536","5.99","9.91","5.67","5.87","6.58","8.85","9.91",NA,NA,NA,NA,NA,NA,NA,NA,NA
"16","쇼생크 탈출","17421","드라마","미국","142분 ","2016.02.24 재개봉,  1995.01.28 개봉","프랭크 다라본트","팀 로빈스(앤디 듀프레인), 모건 프리먼(엘리스 보이드 레드 레딩)더보기","[국내] 15세 관람가 [해외] R도움말","0%","82%","12%","6%","0%","9.46","18,698","9.42","9.55","9.52","9.54","9.44","9.32","8.68","9.88","17","10.0","9.75","0.00","9.86","10.0","10.0","0.00"
"17","터미네이터 2:오리지널","10200","SF, 액션, 스릴러","미국, 프랑스","137분 ","2019.10.24 재개봉, 2013.11.14 재개봉,  1991.07.06 개봉","제임스 카메론","아놀드 슈왈제네거(터미네이터)더보기","[국내] 15세 관람가 [해외] R도움말","0%","31%","31%","31%","8%","9.45","7,527","9.47","9.37","9.42","9.49","9.57","9.41","9.00","9.51","39","9.42","9.88","0.00","9.92","9.92","8.75","9.33"
"18","덕구","154667","드라마","한국","91분 "," 2018.04.05 개봉","방수인","이순재(덕구할배), 정지훈(덕구)더보기","[국내] 전체 관람가","3%","47%","29%","16%","5%","9.44","2,718","8.95","9.80","9.73","9.64","9.28","9.03","9.18","9.30","265","9.12","9.40","10.0","9.23","9.46","9.14","9.08"
"19","클래식","35939","멜로/로맨스, 드라마","한국","132분 "," 2003.01.30 개봉","곽재용","손예진(지혜/주희), 조승우(준하), 조인성(상민)더보기","[국내] 12세 관람가","7%","57%","14%","21%","0%","9.44","10,482","9.36","9.58","9.58","9.36","9.42","9.46","9.40","9.79","14","9.86","9.71","10.0","9.62","10.0","10.0","0.00"
"20","나 홀로 집에","10016","모험, 범죄, 가족, 코미디","미국","105분 "," 1991.07.06 개봉","크리스 콜럼버스","맥컬리 컬킨(케빈 맥콜리스터), 조 페시(좀도둑 해리 림), 다니엘 스턴(좀도둑 마브 머챈츠)더보기","[국내] 전체 관람가 [해외] PG도움말",NA,NA,NA,NA,NA,"9.43","4,457","9.30","9.62","9.62","9.28","9.22","9.38","8.47",NA,NA,NA,NA,NA,NA,NA,NA,NA
"21","라이언 일병 구하기","18988","전쟁, 액션, 드라마","미국","170분 "," 1998.09.12 개봉","스티븐 스필버그","톰 행크스(존 밀러 대위), 에드워드 번즈(Pvt. 리처드 레이번), 톰 시즈모어(Sgt. 마이클 호바스)더보기","[국내] 15세 관람가 [해외] R도움말",NA,NA,NA,NA,NA,"9.43","4,820","9.46","9.40","9.49","9.41","9.40","9.54","9.15",NA,NA,NA,NA,NA,NA,NA,NA,NA
"22","월-E","69105","애니메이션, SF, 가족, 코미디, 멜로/로맨스, 모험","미국","104분 "," 2008.08.06 개봉","앤드류 스탠튼","벤 버트(월-E / M-O 목소리), 엘리사 나이트(이브 목소리), 제프 갈린(선장 목소리)더보기","[국내] 전체 관람가 [해외] G도움말",NA,NA,NA,NA,NA,"9.42","10,271","9.35","9.55","9.42","9.44","9.49","9.32","9.25",NA,NA,NA,NA,NA,NA,NA,NA,NA
"23","빽 투 더 퓨쳐","10002","SF, 코미디","미국","120분 ","2015.10.21 재개봉,  1987.07.17 개봉","로버트 저메키스","마이클 J. 폭스(마티 맥플라이), 크리스토퍼 로이드(에메트 브라운 박사), 리 톰슨(로레인 베인스 맥플라이)더보기","[국내] 12세 관람가 [해외] PG도움말","2%","61%","18%","16%","2%","9.42","3,304","9.43","9.47","9.56","9.33","9.54","9.44","8.82","9.39","49","9.64","9.19","10.0","9.23","9.78","9.62","8.00"
"24","보헤미안 랩소디","156464","드라마","미국, 영국","134분 "," 2018.10.31 개봉","브라이언 싱어","라미 말렉(프레디 머큐리), 루시 보인턴(메리 오스틴), 귈림 리(브라이언 메이)더보기","[국내] 12세 관람가","3%","40%","26%","21%","10%","9.42","39,134","9.24","9.63","9.48","9.38","9.42","9.41","9.36","9.45","13,104","9.39","9.50","9.45","9.47","9.47","9.46","9.35"
"25","사운드 오브 뮤직","10102","멜로/로맨스, 뮤지컬, 드라마","미국","172분 ","2017.02.02 재개봉, 2012.01.23 재개봉, 1995.09.30 재개봉, 1978.02.04 재개봉,  1969.10.29 개봉","로버트 와이즈","줄리 앤드류스(마리아), 크리스토퍼 플러머(캡틴 조지 본 트랩), 엘레노 파커(남작 부인)더보기","[국내] 전체 관람가 [해외] NR도움말","10%","80%","0%","10%","0%","9.42","4,698","9.01","9.78","9.56","9.27","9.35","9.42","8.99","9.60","10","10.0","9.50","10.0","9.50","0.00","10.0","0.00"
"26","포레스트 검프","17159","드라마, 코미디","미국","142분 ","2016.09.07 재개봉,  1994.10.15 개봉","로버트 저메키스","톰 행크스(포레스트 검프)더보기","[국내] 12세 관람가 [해외] PG-13도움말","5%","56%","27%","12%","1%","9.42","8,467","9.38","9.52","9.57","9.44","9.21","9.33","8.80","9.52","120","9.56","9.48","9.67","9.42","9.66","9.57","10.0"
"27","글래디에이터","29217","액션, 드라마","미국, 영국","154분 "," 2000.06.03 개봉","리들리 스콧","러셀 크로우(막시무스), 호아킨 피닉스(코모두스), 코니 닐슨(루실라)더보기","[국내] 15세 관람가 [해외] R도움말",NA,NA,NA,NA,NA,"9.41","4,565","9.42","9.40","9.51","9.35","9.43","9.49","9.12",NA,NA,NA,NA,NA,NA,NA,NA,NA
"28","타이타닉","18847","멜로/로맨스, 드라마","미국","194분 ","2018.02.01 재개봉, 2012.04.05 재개봉,  1998.02.20 개봉","제임스 카메론","레오나르도 디카프리오(잭 도슨), 케이트 윈슬렛(로즈 드윗 부카더)더보기","[국내] 15세 관람가 [해외] PG-13도움말","14%","59%","13%","9%","5%","9.41","23,056","9.03","9.79","9.69","9.26","9.08","9.27","9.08","9.88","269","9.92","9.86","9.82","9.92","9.91","9.65","9.92"
"29","위대한 쇼맨","106360","드라마, 뮤지컬","미국","104분 ","2020.05.21 재개봉,  2017.12.20 개봉","마이클 그레이시","휴 잭맨(P.T. 바넘), 잭 에프론(필립 칼라일), 미셸 윌리엄스(채러티 바넘)더보기","[국내] 12세 관람가 [해외] PG도움말","6%","59%","19%","11%","5%","9.41","16,087","9.42","9.50","9.56","9.43","9.43","9.46","9.46","9.31","3,877","9.42","9.24","9.34","9.37","9.29","9.11","9.18"
"30","인생은 아름다워","22126","드라마, 코미디","이탈리아","116분 ","2016.04.13 재개봉,  1999.03.06 개봉","로베르토 베니니","로베르토 베니니(귀도), 니콜레타 브라스키(도라)더보기","[국내] 전체 관람가 [해외] PG-13도움말","0%","54%","21%","21%","4%","9.41","12,430","9.22","9.68","9.61","9.41","9.16","9.23","8.35","9.54","28","9.38","9.67","0.00","9.73","9.67","9.00","9.00"
"31","가나의 혼인잔치: 언약","197647","다큐멘터리, 드라마","미국","73분 "," 2020.11.26 개봉","브렌트 밀러 주니어","션 알다란, 잭 힙스, 젬마 리주토더보기","[국내] 전체 관람가","0%","17%","33%","33%","17%","9.41","401","8.70","9.72","9.40","9.69","9.01","9.41","9.09","9.54","126","9.22","9.69","0.00","9.29","9.62","9.51","9.68"
"32","헬프","82432","드라마","미국","146분 "," 2011.11.03 개봉","테이트 테일러","엠마 스톤(유지니아 '스키터' 펠런), 비올라 데이비스(에이블린 클락), 옥타비아 스펜서(미니 잭슨)더보기","[국내] 전체 관람가 [해외] PG-13도움말",NA,NA,NA,NA,NA,"9.42","3,756","9.15","9.65","9.64","9.48","9.37","9.20","9.00",NA,NA,NA,NA,NA,NA,NA,NA,NA
"33","살인의 추억","35901","범죄, 미스터리, 스릴러, 코미디, 드라마","한국","132분 "," 2003.04.25 개봉","봉준호","송강호(박두만), 김상경(서태윤)더보기","[국내] 15세 관람가","18%","47%","24%","6%","6%","9.41","6,922","9.41","9.42","9.45","9.48","9.42","9.38","8.68","9.65","17","9.45","10.0","9.67","9.75","9.50","10.0","9.00"
"34","매트릭스","24452","SF, 액션","미국","136분 ","2021.12.09 재개봉, 2019.09.25 재개봉, 2016.09.22 재개봉,  1999.05.15 개봉","릴리 워쇼스키, 라나 워쇼스키","키아누 리브스(네오), 로렌스 피시번(모피어스)더보기","[국내] 12세 관람가 [해외] R도움말","1%","34%","39%","18%","8%","9.40","5,268","9.44","9.31","9.49","9.41","9.44","9.35","8.82","9.30","152","9.31","9.29","10.0","9.35","9.27","9.37","9.00"
"35","센과 치히로의 행방불명","32686","애니메이션, 판타지, 모험, 가족","일본","126분 ","2015.02.05 재개봉,  2002.06.28 개봉","미야자키 하야오","히이라기 루미(치히로/센 목소리), 이리노 미유(하쿠 목소리)더보기","[국내] 전체 관람가","11%","60%","19%","9%","1%","9.39","13,618","9.00","9.74","9.68","9.16","8.55","9.23","8.95","9.58","425","9.35","9.68","9.76","9.65","9.44","9.23","9.20"
"36","씽2게더","187320","애니메이션","미국","110분 "," 2022.01.05 개봉","가스 제닝스","매튜 맥커너히(버스터 문 목소리), 리즈 위더스푼(로지타 목소리), 스칼릿 조핸슨(애쉬 목소리)더보기","[국내] 전체 관람가","2%","41%","36%","15%","6%","9.39","2,663","9.38","9.72","9.68","9.69","9.50","9.52","9.76","8.82","681","8.58","9.00","9.73","8.93","8.65","8.72","8.95"
"37","토이 스토리 3","66463","애니메이션, 모험, 코미디, 가족, 판타지","미국","102분 "," 2010.08.05 개봉","리 언크리치","톰 행크스(우디 목소리), 팀 알렌(버즈 라이트이어 목소리), 조앤 쿠삭(제시 목소리)더보기","[국내] 전체 관람가 [해외] G도움말",NA,NA,NA,NA,NA,"9.40","7,680","9.21","9.65","9.56","9.45","9.03","9.06","8.58",NA,NA,NA,NA,NA,NA,NA,NA,NA
"38","캐스트 어웨이","31162","드라마, 모험","미국","143분 "," 2001.02.03 개봉","로버트 저메키스","톰 행크스(척 놀랜드), 헬렌 헌트(켈리 프리어스)더보기","[국내] 12세 관람가 [해외] PG-13도움말",NA,NA,NA,NA,NA,"9.40","2,964","9.39","9.47","9.61","9.34","9.38","9.35","9.08",NA,NA,NA,NA,NA,NA,NA,NA,NA
"39","히든 피겨스","147092","드라마","미국","127분 "," 2017.03.23 개봉","데오도르 멜피","타라지 P. 헨슨(캐서린 존슨), 옥타비아 스펜서(도로시 본), 자넬 모네(메리 잭슨)더보기","[국내] 12세 관람가","1%","49%","26%","16%","8%","9.40","4,310","8.97","9.80","9.63","9.53","9.37","9.29","9.56","9.37","1,053","9.21","9.44","9.21","9.42","9.38","9.24","9.30"
"40","쉰들러 리스트","14450","드라마, 전쟁","미국","196분 ","2019.01.24 재개봉,  1994.03.05 개봉","스티븐 스필버그","리암 니슨(오스카 쉰들러)더보기","[국내] 15세 관람가 [해외] R도움말","4%","45%","29%","14%","8%","9.39","3,936","9.37","9.46","9.49","9.50","9.34","9.13","8.79","9.47","49","9.50","9.45","10.0","9.27","9.50","9.57","10.0"
"41","잭 스나이더의 저스티스 리그","203288","액션, 모험, 판타지, SF","미국","242분 ",NA,"잭 스나이더","벤 애플렉(배트맨, 브루스 웨인 ), 헨리 카빌(수퍼맨, 클라크 켄트), 갤 가돗(원더 우먼, 다이애나 프린스)더보기","[국내] 12세 관람가",NA,NA,NA,NA,NA,"9.38","1,931","9.38","9.42","9.47","9.33","9.42","9.41","9.12",NA,NA,NA,NA,NA,NA,NA,NA,NA
"42","태극권","11678","액션, 코미디","홍콩","96분 "," 1993.11.20 개봉","원화평","이연걸(장삼풍 / 장군보), 전소호(동천보), 원결영(불소루 주인 소동과)더보기","[국내] 15세 관람가 [해외] R도움말",NA,NA,NA,NA,NA,"9.38","305","9.39","9.44","9.63","9.53","9.23","8.94","9.43",NA,NA,NA,NA,NA,NA,NA,NA,NA
"43","집으로...","34324","드라마, 가족","한국","87분 ","2019.09.05 재개봉,  2002.04.05 개봉","이정향","김을분(할머니), 유승호(상우)더보기","[국내] 전체 관람가 [해외] PG도움말","0%","29%","71%","0%","0%","9.39","2,827","9.09","9.68","9.62","9.12","9.15","9.27","9.08","10.00","7","10.0","10.0","0.00","10.0","10.0","0.00","0.00"
"44","반지의 제왕: 왕의 귀환","31796","판타지, 모험, 액션, 전쟁","뉴질랜드, 미국","263분 ","2021.03.18 재개봉, 2017.01.25 재개봉,  2003.12.17 개봉","피터 잭슨","일라이저 우드(프로도), 숀 애스틴(샘), 앤디 서키스(골룸/스미골)더보기","[국내] 12세 관람가 [해외] PG-13도움말","2%","53%","31%","11%","3%","9.38","7,363","9.28","9.61","9.57","9.31","9.03","9.34","8.48","9.90","62","9.82","10.0","10.0","9.88","9.89","10.0","10.0"
"45","헌터 킬러","92125","액션, 스릴러","미국","121분 "," 2018.12.06 개봉","도노반 마시","제라드 버틀러(캡틴 조 글래스), 게리 올드만(찰스 도네건)더보기","[국내] 15세 관람가 [해외] R도움말","3%","32%","29%","22%","15%","9.38","4,514","9.32","9.70","9.68","9.50","9.46","9.24","9.25","9.00","101","9.02","8.88","10.0","9.03","8.86","8.86","9.20"
"46","죽은 시인의 사회","10048","드라마","미국","128분 ","2021.04.01 재개봉, 2016.08.17 재개봉,  1990.05.19 개봉","피터 위어","로빈 윌리엄스(존 키팅)더보기","[국내] 12세 관람가 [해외] PG도움말","8%","65%","10%","12%","5%","9.38","7,456","9.20","9.64","9.59","9.32","8.98","9.10","8.72","9.56","133","9.67","9.52","9.50","9.61","9.62","9.25","9.71"
"47","어벤져스: 엔드게임","136900","액션, SF","미국","181분 "," 2019.04.24 개봉","안소니 루소, 조 루소","로버트 다우니 주니어(토니 스타크 / 아이언맨), 크리스 에반스(스티브 로저스 / 캡틴 아메리카), 크리스 헴스워스(토르)더보기","[국내] 12세 관람가","4%","46%","29%","18%","3%","9.38","69,334","9.20","9.50","9.72","9.52","9.24","8.58","8.41","9.50","32,080","9.52","9.45","9.80","9.65","9.48","9.16","8.89"
"48","레옹","17170","범죄, 액션, 드라마","프랑스, 미국","132분 ","2020.06.11 재개봉, 2013.04.11 재개봉, 1998.01.24 재개봉,  1995.02.18 개봉","뤽 베송","장 르노(레옹), 나탈리 포트만(마틸다)더보기","[국내] 청소년 관람불가 [해외] R도움말","9%","73%","9%","9%","0%","9.38","9,719","9.32","9.52","9.54","9.43","9.17","9.34","9.09","9.55","11","9.25","9.71","10.0","9.38","10.0","10.0","0.00"
"49","알라딘","163788","모험, 가족, 판타지, 뮤지컬, 멜로/로맨스","미국","128분 "," 2019.05.23 개봉","가이 리치","메나 마수드(알라딘), 윌 스미스(지니), 나오미 스콧(자스민)더보기","[국내] 전체 관람가 [해외] PG도움말","3%","37%","32%","23%","5%","9.38","27,398","8.95","9.68","9.75","9.48","9.24","9.13","9.10","9.42","8,514","9.30","9.49","9.74","9.47","9.46","9.32","9.07"
"50","클레멘타인","37886","액션, 드라마","한국, 미국","100분 "," 2004.05.21 개봉","김두영","이동준(김승현), 김혜리(임민서), 스티븐 시걸(잭 밀러)더보기","[국내] 15세 관람가",NA,NA,NA,NA,NA,"9.37","23,118","9.42","9.10","9.31","9.41","9.47","9.30","9.10",NA,NA,NA,NA,NA,NA,NA,NA,NA
"51","아이 캔 스피크","161850","드라마","한국","119분 "," 2017.09.21 개봉","김현석","나문희(나옥분), 이제훈(박민재)더보기","[국내] 12세 관람가","6%","52%","21%","15%","6%","9.38","15,120","9.13","9.71","9.78","9.46","9.38","9.35","8.99","9.24","4,408","9.20","9.26","9.53","9.26","9.13","9.24","9.11"
"52","안녕 베일리","181700","가족","미국","109분 "," 2019.09.05 개봉","게일 맨쿠소","조시 게드(베일리 목소리), 데니스 퀘이드(이든), 캐서린 프레스콧(씨제이)더보기","[국내] 전체 관람가","5%","35%","25%","15%","20%","9.37","964","9.08","9.55","9.95","9.28","9.29","9.44","9.38","9.20","20","9.50","8.90","10.0","9.71","9.00","7.33","9.75"
"53","동주","134899","드라마","한국","110분 "," 2016.02.17 개봉","이준익","강하늘(윤동주), 박정민(송몽규), 김인우(고등형사)더보기","[국내] 12세 관람가","5%","55%","19%","14%","6%","9.38","11,312","9.10","9.73","9.75","9.56","9.30","9.24","8.98","9.18","2,986","9.05","9.25","9.52","9.23","9.14","9.01","8.96"
"54","여인의 향기","12482","드라마, 코미디","미국","157분 "," 1993.03.20 개봉","마틴 브레스트","알 파치노(프랭크 슬레이드)더보기","[국내] 15세 관람가 [해외] R도움말",NA,NA,NA,NA,NA,"9.37","2,979","9.35","9.45","9.44","9.46","9.28","9.39","8.66",NA,NA,NA,NA,NA,NA,NA,NA,NA
"55","미스 슬로운","142632","드라마, 스릴러","미국","132분 "," 2017.03.29 개봉","존 매든","제시카 차스테인(엘리자베스 슬로운)더보기","[국내] 15세 관람가 [해외] R도움말","0%","62%","26%","9%","3%","9.37","1,867","8.93","9.81","9.66","9.56","9.46","8.92","9.25","9.32","34","8.78","9.52","0.00","9.57","8.89","9.00","9.00"
"56","서유기 2 - 선리기연","18543","코미디, 액션, 모험, 판타지, 멜로/로맨스","홍콩","99분 "," 2010.06.01 개봉","유진위","주성치, 주인더보기","[국내] 15세 관람가",NA,NA,NA,NA,NA,"9.37","3,963","9.45","8.78","9.43","9.54","9.27","9.04","8.21",NA,NA,NA,NA,NA,NA,NA,NA,NA
"57","해리 포터와 마법사의 돌","30688","판타지, 가족, 모험, 액션","영국, 미국","152분 ","2021.09.15 재개봉, 2018.10.24 재개봉,  2001.12.14 개봉","크리스 콜럼버스","다니엘 래드클리프(해리 포터), 루퍼트 그린트(론 위즐리), 엠마 왓슨(헤르미온느)더보기","[국내] 전체 관람가 [해외] PG도움말","4%","52%","38%","4%","2%","9.36","4,412","8.83","9.75","9.59","9.06","8.84","9.33","8.83","9.41","122","9.02","9.60","10.0","9.67","8.93","9.60","10.0"
"58","다시 태어나도 우리","154573","다큐멘터리","한국","95분 "," 2017.09.27 개봉","문창용, 전진","파드마 앙뚜(본인), 우르갼 릭젠(본인)더보기","[국내] 전체 관람가","1%","35%","30%","18%","17%","9.37","1,084","8.55","9.83","9.53","9.72","9.56","9.15","9.50","9.26","530","9.07","9.34","9.67","9.15","9.37","9.33","9.22"
"59","굿바이 마이 프랜드","17541","드라마","미국","97분 "," 1996.08.05 개봉","피터 호튼","조셉 마젤로(덱스터), 브래드 렌프로(에릭), 다이아나 스카위드(게일)더보기","[해외] PG-13도움말",NA,NA,NA,NA,NA,"9.36","2,630","9.17","9.62","9.56","9.40","8.54","9.25","8.89",NA,NA,NA,NA,NA,NA,NA,NA,NA
"60","주토피아","130850","애니메이션, 액션, 모험, 코미디, 가족","미국","108분 "," 2016.02.17 개봉","바이론 하워드, 리치 무어","지니퍼 굿윈(주디 홉스 목소리), 제이슨 베이트먼(닉 와일드 목소리), 샤키라(가젤 목소리)더보기","[국내] 전체 관람가 [해외] PG도움말","4%","47%","31%","16%","2%","9.36","18,621","9.23","9.68","9.68","9.46","9.28","9.24","9.31","9.33","10,452","9.32","9.33","9.64","9.45","9.19","9.15","9.30"
"61","굿 윌 헌팅","19079","드라마","미국","126분 ","2016.08.17 재개봉,  1998.03.21 개봉","구스 반 산트","맷 데이먼(윌 헌팅)더보기","[국내] 15세 관람가 [해외] R도움말","8%","42%","17%","0%","33%","9.36","4,937","9.27","9.56","9.50","9.40","9.35","9.03","9.06","10.00","12","10.0","10.0","10.0","10.0","10.0","0.00","10.0"
"62","트루먼 쇼","19099","코미디, 드라마, SF","미국","103분 ","2018.12.13 재개봉,  1998.10.24 개봉","피터 위어","짐 캐리(트루먼 버뱅크)더보기","[국내] 12세 관람가 [해외] PG도움말","11%","62%","21%","2%","4%","9.36","7,184","9.30","9.48","9.55","9.33","9.06","9.37","8.62","9.49","53","9.61","9.32","10.0","9.61","8.82","10.0","9.50"
"63","반지의 제왕: 두 개의 탑","31795","판타지, 모험, 액션","뉴질랜드, 미국","235분 ","2021.03.18 재개봉, 2017.01.18 재개봉,  2002.12.19 개봉","피터 잭슨","일라이저 우드(프로도), 이안 맥켈런(간달프), 비고 모텐슨(아라곤)더보기","[국내] 12세 관람가","0%","43%","43%","11%","3%","9.35","2,894","9.23","9.65","9.58","9.28","9.02","9.11","8.88","9.80","61","9.71","9.92","0.00","10.0","9.77","9.14","10.0"
"64","세 얼간이","73372","코미디","인도","141분 ","2016.11.09 재개봉,  2011.08.18 개봉","라지쿠마르 히라니","아미르 칸(란초), 마드하반(파르한), 셔먼 조쉬(라주)더보기","[국내] 12세 관람가",NA,NA,NA,NA,NA,"9.35","25,931","9.14","9.66","9.69","9.15","8.62","9.20","8.90",NA,NA,NA,NA,NA,NA,NA,NA,NA
"65","아이즈 온 미 : 더 무비","189027","공연실황","한국","104분 "," 2020.06.10 개봉",NA,"권은비(본인), 미야와키 사쿠라(본인), 강혜원(본인)더보기","[국내] 전체 관람가",NA,NA,NA,NA,NA,"9.33","1,057","9.39","9.06","9.40","9.26","9.38","9.49","8.85",NA,NA,NA,NA,NA,NA,NA,NA,NA
"66","지상의 별처럼","51172","드라마","인도","163분 "," 2012.09.06 개봉","아미르 칸, 아몰 굽테","다쉴 사페리(이샨 아와스티), 아미르 칸(램 니쿰브)더보기","[국내] 전체 관람가 [해외] PG도움말",NA,NA,NA,NA,NA,"9.36","946","9.01","9.66","9.71","9.43","9.06","9.38","9.07",NA,NA,NA,NA,NA,NA,NA,NA,NA
"67","아기공룡 둘리 - 얼음별 대모험","17441","애니메이션, 가족, 코미디, 모험, 뮤지컬","한국","80분 "," 1996.07.24 개봉","김수정, 임경원","박영남(둘리 목소리), 이인성(고길동 목소리)더보기","[국내] 전체 관람가",NA,NA,NA,NA,NA,"9.35","512","9.19","9.77","9.64","9.39","8.94","8.92","8.96",NA,NA,NA,NA,NA,NA,NA,NA,NA
"68","모노노케 히메","19303","애니메이션, 모험, 액션","일본","135분 "," 2003.04.25 개봉","미야자키 하야오","마츠다 요지(아시타카), 미와 아키히로(모로), 이시다 유리코(산)더보기","[국내] 전체 관람가 [해외] PG-13도움말","50%","50%","0%","0%","0%","9.37","4,845","9.26","9.56","9.63","9.27","8.92","9.14","8.51","8.00","2","0.00","8.00","10.0","6.00","0.00","0.00","0.00"
"69","나 홀로 집에 2 - 뉴욕을 헤매다","12270","모험, 액션, 범죄, 스릴러, 코미디, 가족","미국","115분 "," 1992.12.18 개봉","크리스 콜럼버스","맥컬리 컬킨(케빈 맥콜리스터), 조 페시(해리 림), 다니엘 스턴(마브 머챈츠)더보기","[국내] 전체 관람가 [해외] PG도움말",NA,NA,NA,NA,NA,"9.35","1,777","9.24","9.59","9.57","9.29","9.17","8.98","9.09",NA,NA,NA,NA,NA,NA,NA,NA,NA
"70","지금, 만나러 갑니다","39636","멜로/로맨스, 드라마, 판타지","일본","118분 ","2018.04.19 재개봉,  2005.03.25 개봉","도이 노부히로","다케우치 유코(아이오 미오), 나카무라 시도(아이오 타쿠미), 다케이 아카시(아이오 유우지)더보기","[국내] 12세 관람가","3%","54%","20%","17%","6%","9.35","15,727","9.42","9.16","9.51","9.29","9.23","9.27","8.90","9.66","35","9.75","9.53","10.0","9.84","9.71","9.00","9.50"
"71","에이리언 2","10038","SF, 공포, 스릴러, 액션","미국","137분 "," 1986.12.24 개봉","제임스 카메론","시고니 위버(엘렌 리플리), 마이클 빈(Cpl. 드웨인 힉스), 폴 레이저(카터 버크)더보기","[국내] 15세 관람가 [해외] R도움말",NA,NA,NA,NA,NA,"9.35","1,889","9.36","9.35","9.40","9.22","9.49","9.38","9.33",NA,NA,NA,NA,NA,NA,NA,NA,NA
"72","로망","182348","멜로/로맨스","한국","112분 "," 2019.04.03 개봉","이창근","이순재(조남봉), 정영숙(이매자), 조한철(조진수)더보기","[국내] 전체 관람가","4%","39%","34%","12%","12%","9.35","684","9.15","9.71","9.51","9.67","9.62","8.97","8.77","8.98","83","8.83","9.08","9.33","9.31","8.89","8.80","8.20"
"73","미세스 다웃파이어","16210","코미디, 가족, 드라마","미국","125분 "," 1994.01.22 개봉","크리스 콜럼버스","로빈 윌리엄스(다니엘/미세스 다웃파이어), 샐리 필드(미란다)더보기","[국내] 12세 관람가 [해외] PG-13도움말",NA,NA,NA,NA,NA,"9.38","902","9.15","9.68","9.66","9.26","9.48","9.05","9.19",NA,NA,NA,NA,NA,NA,NA,NA,NA
"74","더 록","17135","액션","미국","131분 "," 1996.07.13 개봉","마이클 베이","숀 코네리(존 패트릭 메이슨), 니콜라스 케이지(닥터 스탠리 굿스피드), 에드 해리스(프란시스 X. 험멜 장군)더보기","[국내] 15세 관람가 [해외] R도움말",NA,NA,NA,NA,NA,"9.35","2,663","9.37","9.23","9.44","9.31","9.34","9.31","9.22",NA,NA,NA,NA,NA,NA,NA,NA,NA
"75","울지마 톤즈","76667","다큐멘터리","한국","91분 "," 2010.09.09 개봉","구수환","이금희(나레이션), 이태석(본인)더보기","[국내] 전체 관람가","0%","0%","0%","100%","0%","9.34","4,600","9.07","9.72","9.28","9.45","9.38","9.26","9.30","10.00","1","0.00","10.0","0.00","0.00","0.00","10.0","0.00"
"76","다크 나이트","62586","액션, 범죄, 드라마, 미스터리","미국","152분 ","2020.07.01 재개봉, 2017.07.12 재개봉, 2009.02.19 재개봉,  2008.08.06 개봉","크리스토퍼 놀란","크리스찬 베일(브루스 웨인/배트맨), 히스 레저(조커), 아론 에크하트(하비 덴트/투 페이스)더보기","[국내] 15세 관람가 [해외] PG-13도움말","17%","48%","28%","2%","4%","9.34","27,372","9.35","9.33","9.47","9.36","9.07","9.26","9.12","9.65","46","9.78","9.36","9.88","9.68","9.62","9.00","9.00"
"77","아마데우스","10114","드라마","미국","180분 ","2015.10.29 재개봉,  1985.11.23 개봉","밀로스 포만","톰 헐스(볼프강 아마데우스 모짜르트), F. 머레이 아브라함(안토니오 살리에리), 엘리자베스 베리지(콘스탄츠 모짜르트)더보기","[국내] 12세 관람가 [해외] PG도움말","3%","46%","24%","17%","10%","9.34","3,012","9.17","9.55","9.52","9.29","9.19","9.20","8.95","9.70","151","9.75","9.68","10.0","9.64","9.75","9.77","9.67"
"78","알라딘","13008","애니메이션, 뮤지컬, 코미디, 가족, 모험, 드라마, 멜로/로맨스","미국","90분 "," 1993.07.03 개봉","존 머스커, 론 클레멘츠","스콧 와인거(알라딘/알리바브와 왕자 목소리), 로빈 윌리엄스(램프의 요정 지니 목소리), 린다 라킨(쟈스민 공주 목소리)더보기","[국내] 전체 관람가 [해외] G도움말",NA,NA,NA,NA,NA,"9.35","622","9.15","9.64","9.60","9.44","9.36","8.40","8.97",NA,NA,NA,NA,NA,NA,NA,NA,NA
"79","자산어보","189075","드라마","한국","126분 "," 2021.03.31 개봉","이준익","설경구(정약전), 변요한(창대)더보기","[국내] 12세 관람가","1%","28%","30%","23%","18%","9.34","3,150","9.07","9.71","9.40","9.48","9.30","9.35","9.55","9.03","323","8.83","9.24","10.0","9.12","8.80","8.99","9.27"
"80","빌리 엘리어트","31013","드라마, 가족, 코미디","영국, 프랑스","110분 ","2017.01.18 재개봉,  2001.02.17 개봉","스티븐 달드리","제이미 벨(빌리 엘리어트), 줄리 월터스(윌킨슨 부인), 게리 루이스(아버지 재키 엘리어트)더보기","[국내] 12세 관람가 [해외] R도움말","4%","46%","34%","13%","4%","9.35","3,775","9.07","9.62","9.35","9.41","9.39","9.33","8.66","9.75","79","9.76","9.74","10.0","9.69","9.85","9.70","9.33"
"81","두 교황","189111","드라마","미국, 영국, 이탈리아, 아르헨티나","126분 "," 2019.12.11 개봉","페르난도 메이렐레스","안소니 홉킨스(교황 베네딕토 16세), 조나단 프라이스(교황 프란치스코)더보기","[국내] 12세 관람가","0%","17%","37%","21%","24%","9.33","765","8.98","9.71","9.11","9.02","9.37","9.43","9.58","9.32","131","9.26","9.36","0.00","8.95","9.31","9.46","9.47"
"82","그대를 사랑합니다","73476","드라마","한국","118분 "," 2011.02.17 개봉","추창민","이순재(김만석), 윤소정(송이뿐), 송재호(장군봉)더보기","[국내] 15세 관람가",NA,NA,NA,NA,NA,"9.33","7,647","9.00","9.66","9.49","9.37","9.28","9.02","8.79",NA,NA,NA,NA,NA,NA,NA,NA,NA
"83","아이 엠 샘","34227","드라마","미국","132분 "," 2002.10.18 개봉","제시 넬슨","숀 펜(샘 도슨), 미셸 파이퍼(리타 해리슨)더보기","[국내] 12세 관람가 [해외] PG-13도움말",NA,NA,NA,NA,NA,"9.33","3,148","9.29","9.42","9.47","9.25","9.20","9.28","9.24",NA,NA,NA,NA,NA,NA,NA,NA,NA
"84","언터처블: 1%의 우정","87566","코미디, 드라마","프랑스","112분 "," 2012.03.22 개봉","올리비에르 나카체, 에릭 토레다노","프랑수아 클루제(필립), 오마 사이(드리스)더보기","[국내] 12세 관람가",NA,NA,NA,NA,NA,"9.34","7,701","9.21","9.53","9.56","9.35","9.11","9.14","9.46",NA,NA,NA,NA,NA,NA,NA,NA,NA
"85","피아니스트","35187","드라마, 전쟁","프랑스, 독일, 폴란드, 영국, 네덜란드","148분 ","2015.06.18 재개봉,  2003.01.03 개봉","로만 폴란스키","애드리언 브로디(블라디슬로프 스필만), 토마스 크레취만(빌름 호젠펠트)더보기","[국내] 12세 관람가 [해외] R도움말","8%","62%","23%","6%","2%","9.33","6,701","9.23","9.50","9.55","9.24","9.22","9.10","9.23","9.51","53","9.61","9.43","9.25","9.58","9.33","9.67","10.0"
"86","오세암","34181","애니메이션, 드라마","한국","75분 "," 2003.05.01 개봉","성백엽","김서영(길손이 목소리), 박선영(감이 목소리)더보기","[국내] 전체 관람가",NA,NA,NA,NA,NA,"9.33","2,199","9.05","9.59","9.59","9.16","9.18","9.07","8.51",NA,NA,NA,NA,NA,NA,NA,NA,NA
"87","언더독","144318","애니메이션","한국","102분 "," 2019.01.16 개봉","오성윤, 이춘백","디오(뭉치 목소리), 박소담(밤이 목소리), 박철민(짱아 목소리)더보기","[국내] 전체 관람가","3%","22%","38%","31%","6%","9.33","1,573","8.51","9.63","9.69","9.23","9.22","9.28","9.18","9.47","362","9.53","9.44","9.60","9.65","9.32","9.46","9.74"
"88","천공의 성 라퓨타","18782","애니메이션, 판타지, 모험","일본","124분 "," 2004.04.30 개봉","미야자키 하야오","타나카 마유미(파즈 목소리), 요코자와 케이코(쉬타 목소리), 하츠이 코토에(돌라 목소리)더보기","[국내] 전체 관람가",NA,NA,NA,NA,NA,"9.34","2,863","9.24","9.53","9.58","9.20","9.28","9.03","8.43",NA,NA,NA,NA,NA,NA,NA,NA,NA
"89","프리 윌리","16466","가족, 모험, 드라마","미국","112분 "," 1994.08.06 개봉","사이먼 윈서","케이코(윌리), 제이슨 제임스 리처(제시), 로리 페티(래 린들리)더보기","[국내] 전체 관람가 [해외] PG도움말",NA,NA,NA,NA,NA,"9.33","365","9.00","9.76","9.63","9.17","9.47","8.71","8.95",NA,NA,NA,NA,NA,NA,NA,NA,NA
"90","아이언 자이언트","25915","애니메이션, SF, 액션, 가족","미국","90분 ","2019.10.09 재개봉,  2000.05 개봉","브래드 버드","제니퍼 애니스톤(애니 휴즈 목소리), 빈 디젤(아이언 자이언트 목소리), 엘리 마리엔탈(호가드 휴즈 목소리)더보기","[국내] 전체 관람가 [해외] PG도움말","0%","53%","20%","27%","0%","9.33","2,080","9.25","9.59","9.61","9.32","9.08","9.09","9.06","9.47","15","9.33","9.67","0.00","9.50","9.00","9.75","0.00"
"91","업","52120","애니메이션, 가족, 모험, 코미디, 액션","미국","101분 "," 2009.07.29 개봉","피트 닥터, 밥 피터슨","에드워드 애스너(칼 프레드릭슨), 조던 나가이(러셀 목소리), 크리스토퍼 플러머(찰스 먼츠 목소리)더보기","[국내] 전체 관람가 [해외] PG도움말",NA,NA,NA,NA,NA,"9.33","6,399","9.16","9.53","9.46","9.37","9.16","9.05","9.05",NA,NA,NA,NA,NA,NA,NA,NA,NA
"92","라푼젤","75470","애니메이션, 코미디, 가족, 판타지, 뮤지컬, 멜로/로맨스","미국","100분 "," 2011.02.10 개봉","네이슨 그레노, 바이론 하워드","맨디 무어(라푼젤 목소리), 제커리 레비(플린 라이더 목소리)더보기","[국내] 전체 관람가 [해외] PG도움말",NA,NA,NA,NA,NA,"9.34","6,932","9.24","9.49","9.55","9.27","9.15","9.08","9.10",NA,NA,NA,NA,NA,NA,NA,NA,NA
"93","시네마 천국","10001","드라마, 멜로/로맨스","프랑스, 이탈리아","124분 ","2020.04.22 재개봉, 2013.09.26 재개봉, 1993.11.13 재개봉,  1990.07.07 개봉","쥬세페 토르나토레","마르코 레오나르디(청년 살바토레), 필립 느와레(알프레도), 자끄 페렝(중년 살바토레)더보기","[국내] 전체 관람가 [해외] PG도움말","9%","47%","25%","6%","12%","9.33","4,027","9.28","9.43","9.20","9.36","9.56","9.11","9.17","9.63","32","9.73","9.57","9.67","9.40","9.88","10.0","9.75"
"94","프리퀀시","29657","범죄, 드라마, SF, 스릴러","미국","117분 "," 2000.11.25 개봉","그레고리 호블릿","데니스 퀘이드(프랭크 설리반), 제임스 카비젤(존 설리반)더보기","[국내] 12세 관람가 [해외] PG-13도움말",NA,NA,NA,NA,NA,"9.33","6,226","9.29","9.45","9.58","9.32","8.94","9.20","8.97",NA,NA,NA,NA,NA,NA,NA,NA,NA
"95","해리 포터와 죽음의 성물 - 2부","47528","모험, 판타지, 미스터리","영국, 미국","131분 "," 2011.07.13 개봉","데이빗 예이츠","다니엘 래드클리프(해리 포터), 엠마 왓슨(헤르미온느), 루퍼트 그린트(론 위즐리)더보기","[국내] 전체 관람가 [해외] PG-13도움말",NA,NA,NA,NA,NA,"9.33","12,107","8.90","9.67","9.53","9.06","8.29","9.12","9.10",NA,NA,NA,NA,NA,NA,NA,NA,NA
"96","달링","152655","드라마, 멜로/로맨스","영국","118분 "," 2018.04.12 개봉","앤디 서키스","앤드류 가필드(로빈), 클레어 포이(다이애나)더보기","[국내] 12세 관람가 [해외] PG-13도움말","0%","42%","39%","10%","8%","9.32","346","8.95","9.63","10.0","9.53","9.36","9.17","9.47","9.08","59","9.46","8.83","0.00","9.36","9.00","8.33","9.00"
"97","드래곤 길들이기","70457","애니메이션, 모험, 코미디, 가족, 판타지","미국","98분 ","2019.01.17 재개봉,  2010.05.20 개봉","딘 데블로이스, 크리스 샌더스","제이 바루첼(히컵 목소리), 제라드 버틀러(스토이크 목소리), 아메리카 페레라(아스트리드 목소리)더보기","[국내] 전체 관람가 [해외] PG도움말","0%","0%","100%","0%","0%","9.33","8,729","9.08","9.60","9.52","9.29","9.11","8.87","8.98","8.00","1","0.00","8.00","0.00","0.00","8.00","0.00","0.00"
"98","러브 유어셀프 인 서울","180220","공연실황","한국","113분 "," 2019.01.26 개봉",NA,"RM(본인), 진(본인), 슈가(본인)더보기","[국내] 전체 관람가",NA,NA,NA,NA,NA,"9.30","1,475","6.19","9.78","9.44","9.16","8.96","9.59","8.85",NA,NA,NA,NA,NA,NA,NA,NA,NA
"99","소원","103535","드라마","한국","122분 "," 2013.10.02 개봉","이준익","설경구(동훈), 엄지원(미희), 이레(소원)더보기","[국내] 12세 관람가",NA,NA,NA,NA,NA,"9.34","8,590","9.07","9.58","9.72","9.36","8.92","9.06","9.13",NA,NA,NA,NA,NA,NA,NA,NA,NA
"100","브레이크 더 사일런스: 더 무비","195975","다큐멘터리","한국","89분 "," 2020.09.24 개봉","박준수","RM(본인), 진(본인), 슈가(본인)더보기","[국내] 전체 관람가",NA,NA,NA,NA,NA,"9.29","551","6.50","9.70","9.56","9.28","9.12","9.09","8.78",NA,NA,NA,NA,NA,NA,NA,NA,NA
